,Coord X,Coord Y
0,429,611
1,267,346
2,251,163
3,266,993
4,546,964
5,42,982
6,157,84
7,704,136
8,743,43
9,975,345
10,124,249
11,380,920
12,142,37
13,240,151
14,231,524
15,631,304
16,660,260
17,717,577
18,926,489
19,198,967
20,846,493
21,692,811
22,954,756
23,353,71
24,22,206
25,301,234
26,19,49
27,349,360
28,807,740
29,980,326
30,633,290
31,79,506
32,368,568
33,918,377
34,528,343
35,330,357
36,155,511
37,903,508
38,189,601
39,912,451
40,418,22
41,176,666
42,206,856
43,634,199
44,93,988
45,628,447
46,477,316
47,572,575
48,756,816
49,703,291
50,5,726
51,396,308
52,531,869
53,404,495
54,809,428
55,136,311
56,340,777
57,468,0
58,838,599
59,147,943
60,750,97
61,320,481
62,997,446
63,187,522
64,84,677
65,158,963
66,536,772
67,671,583
68,716,515
69,340,692
70,853,69
71,304,237
72,538,586
73,950,774
74,754,535
75,841,465
76,95,148
77,359,934
78,821,522
79,806,565
80,647,944
81,327,777
82,319,169
83,572,230
84,147,35
85,792,98
86,917,691
87,36,190
88,368,82
89,6,389
90,961,789
91,878,516
92,507,479
93,975,874
94,311,580
95,121,218
96,882,691
97,311,552
98,208,99
99,779,937
100,164,149
101,867,36
102,37,496
103,516,236
104,868,641
105,566,607
106,3,498
107,78,800
108,451,224
109,579,367
110,831,666
111,796,116
112,875,92
113,890,279
114,578,886
115,12,572
116,15,45
117,710,345
118,834,504
119,113,22
120,172,366
121,119,299
122,686,593
123,106,487
124,585,754
125,727,214
126,235,734
127,509,279
128,945,782
129,586,692
130,564,208
131,515,596
132,843,957
133,840,890
134,71,475
135,864,830
136,414,4
137,88,143
138,356,394
139,840,987
140,828,266
141,57,86
142,121,805
143,787,574
144,259,860
145,103,576
146,998,433
147,212,540
148,503,949
149,227,564
150,271,111
151,461,117
152,155,680
153,732,50
154,885,396
155,261,816
156,772,336
157,452,897
158,209,837
159,844,189
160,410,837
161,680,457
162,344,926
163,291,864
164,393,368
165,250,559
166,165,196
167,512,889
168,704,916
169,581,268
170,797,469
171,604,998
172,963,319
173,523,277
174,330,91
175,297,712
176,296,51
177,585,637
178,248,90
179,716,530
180,536,534
181,363,478
182,496,135
183,456,31
184,940,385
185,593,504
186,403,767
187,887,305
188,61,132
189,236,829
190,337,379
191,989,82
192,895,562
193,336,346
194,743,285
195,517,46
196,287,639
197,131,331
198,217,896
199,770,864
200,642,490
201,783,359
202,789,521
203,412,772
204,960,629
205,176,717
206,975,621
207,838,445
208,189,195
209,797,182
210,313,395
211,231,255
212,86,712
213,430,135
214,349,245
215,398,299
216,522,158
217,38,627
218,533,554
219,440,376
220,650,950
221,36,648
222,199,908
223,652,267
224,332,954
225,581,69
226,728,523
227,569,387
228,445,34
229,996,798
230,10,598
231,343,115
232,468,367
233,475,668
234,881,295
235,322,310
236,309,9
237,374,770
238,951,770
239,119,673
240,131,643
241,961,14
242,495,156
243,828,349
244,994,296
245,2,199
246,232,281
247,394,204
248,455,124
249,304,847
250,863,54
251,48,636
252,414,168
253,62,487
254,626,930
255,551,0
256,449,309
257,193,635
258,342,564
259,19,149
260,301,163
261,609,951
262,357,101
263,698,2
264,436,516
265,107,278
266,459,695
267,619,301
268,385,660
269,403,31
270,664,948
271,615,267
272,543,866
273,617,278
274,769,618
275,846,192
276,513,534
277,180,206
278,74,114
279,339,733
280,672,635
281,810,53
282,116,22
283,88,457
284,780,240
285,439,733
286,956,618
287,490,326
288,576,481
289,395,773
290,345,92
291,803,60
292,526,474
293,184,238
294,511,984
295,778,623
296,280,668
297,364,294
298,308,466
299,983,247
300,267,515
301,133,377
302,845,683
303,345,157
304,730,191
305,902,707
306,207,30
307,939,100
308,984,99
309,385,440
310,821,401
311,497,38
312,904,522
313,296,391
314,554,928
315,196,636
316,71,917
317,994,570
318,224,492
319,16,833
320,239,864
321,143,60
322,297,903
323,614,351
324,189,602
325,816,262
326,36,1
327,146,283
328,934,843
329,313,804
330,782,954
331,865,340
332,233,910
333,766,21
334,515,84
335,988,2
336,949,924
337,373,526
338,59,183
339,388,522
340,12,740
341,351,48
342,984,875
343,227,113
344,66,938
345,571,58
346,770,644
347,855,946
348,867,370
349,49,281
350,718,354
351,92,504
352,188,176
353,724,76
354,103,139
355,88,866
356,186,771
357,775,241
358,161,815
359,900,662
360,148,957
361,424,495
362,26,724
363,442,119
364,816,37
365,634,65
366,820,445
367,956,267
368,697,399
369,127,216
370,468,372
371,288,365
372,767,313
373,58,212
374,774,401
375,986,693
376,363,294
377,388,601
378,491,888
379,57,62
380,552,185
381,248,311
382,93,526
383,410,552
384,696,277
385,702,506
386,286,100
387,743,808
388,941,135
389,574,827
390,859,264
391,55,900
392,151,419
393,967,823
394,714,787
395,898,828
396,667,74
397,804,626
398,807,830
399,435,821
400,875,497
401,989,358
402,481,897
403,938,88
404,689,437
405,781,275
406,446,368
407,887,284
408,774,465
409,909,661
410,92,715
411,222,685
412,259,442
413,31,304
414,891,65
415,764,999
416,890,638
417,757,378
418,962,849
419,175,883
420,586,954
421,423,191
422,606,731
423,800,213
424,513,288
425,0,277
426,960,79
427,188,355
428,694,466
429,957,248
430,22,218
431,143,714
432,190,679
433,118,564
434,726,137
435,509,488
436,777,430
437,350,168
438,804,47
439,82,240
440,887,676
441,390,690
442,142,725
443,223,366
444,637,795
445,148,579
446,395,232
447,886,705
448,393,633
449,157,530
450,254,543
451,690,855
452,504,439
453,69,567
454,599,246
455,457,184
456,863,108
457,451,36
458,524,129
459,42,637
460,860,375
461,392,858
462,392,500
463,522,567
464,317,55
465,825,480
466,963,718
467,407,202
468,85,960
469,255,431
470,765,747
471,331,246
472,276,349
473,311,265
474,933,896
475,593,394
476,821,102
477,293,998
478,27,945
479,800,645
480,676,896
481,537,255
482,727,219
483,565,991
484,782,771
485,701,950
486,134,789
487,153,94
488,923,43
489,404,755
490,885,771
491,994,524
492,335,623
493,884,913
494,779,171
495,89,652
496,17,129
497,337,831
498,61,473
499,272,294
500,29,682
501,623,556
502,311,845
503,976,290
504,443,41
505,931,725
506,508,239
507,966,962
508,318,479
509,239,568
510,49,546
511,562,465
512,432,592
513,784,239
514,530,700
515,725,550
516,747,169
517,9,506
518,509,997
519,299,556
520,914,281
521,391,825
522,396,188
523,348,37
524,599,706
525,685,183
526,27,176
527,195,198
528,427,609
529,456,70
530,833,156
531,237,225
532,394,223
533,706,361
534,233,776
535,208,14
536,579,635
537,832,74
538,111,375
539,390,316
540,593,286
541,667,768
542,23,67
543,710,400
544,69,37
545,345,18
546,264,579
547,782,186
548,690,914
549,989,721
550,561,59
551,970,783
552,464,333
553,798,15
554,314,238
555,792,842
556,140,467
557,739,425
558,528,765
559,822,326
560,503,445
561,894,819
562,903,0
563,284,758
564,446,577
565,766,49
566,211,74
567,617,705
568,830,793
569,686,80
570,918,115
571,565,369
572,543,811
573,589,927
574,504,59
575,265,60
576,393,238
577,564,764
578,245,577
579,281,746
580,396,722
581,358,308
582,869,647
583,743,206
584,382,894
585,43,692
586,718,307
587,957,400
588,493,89
589,29,119
590,298,562
591,709,161
592,735,548
593,334,917
594,633,405
595,365,101
596,447,92
597,254,994
598,714,217
599,6,66
600,124,88
601,81,933
602,239,654
603,341,612
604,145,914
605,970,780
606,134,707
607,289,854
608,526,273
609,693,899
610,426,331
611,195,925
612,312,303
613,498,359
614,387,542
615,692,381
616,825,199
617,78,252
618,680,286
619,974,92
620,767,580
621,155,708
622,507,863
623,541,820
624,980,54
625,818,306
626,920,339
627,854,735
628,30,213
629,820,284
630,758,778
631,919,598
632,467,693
633,319,814
634,418,196
635,925,705
636,595,701
637,652,460
638,330,960
639,665,91
640,486,247
641,304,512
642,366,330
643,666,922
644,388,498
645,893,294
646,794,712
647,442,216
648,702,998
649,907,354
650,183,784
651,813,20
652,143,410
653,732,1
654,211,163
655,385,627
656,157,749
657,754,30
658,659,21
659,811,796
660,766,203
661,220,345
662,517,56
663,340,503
664,188,799
665,510,159
666,927,177
667,684,924
668,454,83
669,569,331
670,215,384
671,869,225
672,749,743
673,643,464
674,19,119
675,864,15
676,996,639
677,474,137
678,638,37
679,312,341
680,702,761
681,282,879
682,884,102
683,157,427
684,217,430
685,38,944
686,839,199
687,894,584
688,890,283
689,16,197
690,241,233
691,557,530
692,40,951
693,649,578
694,43,769
695,310,894
696,911,444
697,978,944
698,718,133
699,626,339
700,554,686
701,761,720
702,711,480
703,506,806
704,809,684
705,221,38
706,969,792
707,261,110
708,53,93
709,32,244
710,114,614
711,475,210
712,310,108
713,629,558
714,767,211
715,313,319
716,425,205
717,818,428
718,15,67
719,821,955
720,191,216
721,100,694
722,112,561
723,835,628
724,610,166
725,920,3
726,158,93
727,629,814
728,100,723
729,268,682
730,328,357
731,599,445
732,866,440
733,149,26
734,310,413
735,56,37
736,702,522
737,202,423
738,166,9
739,31,578
740,692,755
741,666,519
742,681,274
743,935,95
744,785,222
745,841,126
746,223,272
747,906,328
748,902,977
749,136,826
750,429,56
751,734,323
752,841,27
753,531,344
754,681,220
755,760,680
756,588,712
757,399,765
758,949,713
759,130,27
760,227,224
761,256,879
762,748,974
763,288,660
764,217,820
765,658,522
766,516,370
767,972,402
768,848,684
769,697,38
770,536,346
771,534,373
772,494,2
773,376,368
774,544,920
775,664,93
776,156,943
777,26,774
778,273,8
779,708,568
780,835,427
781,547,879
782,373,916
783,329,244
784,739,259
785,767,77
786,628,250
787,268,541
788,955,285
789,449,230
790,479,906
791,803,188
792,454,677
793,87,901
794,658,482
795,134,211
796,860,715
797,763,428
798,857,975
799,599,136
800,826,76
801,215,353
802,967,833
803,693,956
804,249,323
805,218,829
806,766,52
807,916,100
808,393,379
809,417,804
810,260,381
811,370,410
812,55,725
813,916,429
814,732,405
815,813,147
816,587,907
817,843,362
818,137,781
819,202,595
820,691,390
821,213,674
822,301,544
823,870,137
824,482,931
825,211,796
826,993,89
827,402,397
828,161,413
829,110,973
830,524,885
831,537,161
832,1,616
833,649,130
834,393,730
835,265,233
836,27,268
837,252,247
838,397,490
839,710,658
840,90,945
841,609,451
842,206,946
843,361,884
844,850,135
845,137,847
846,380,583
847,422,67
848,878,359
849,841,18
850,562,481
851,352,803
852,429,619
853,577,447
854,241,986
855,196,616
856,794,879
857,489,975
858,837,904
859,416,718
860,320,883
861,291,120
862,322,366
863,342,402
864,796,429
865,620,585
866,497,551
867,564,424
868,318,355
869,509,114
870,903,40
871,685,625
872,577,534
873,171,217
874,818,992
875,483,632
876,554,480
877,863,43
878,539,595
879,93,635
880,413,914
881,251,51
882,110,805
883,137,977
884,826,557
885,411,999
886,38,912
887,204,194
888,839,637
889,171,896
890,764,19
891,861,221
892,883,799
893,312,707
894,249,322
895,297,479
896,504,817
897,343,599
898,742,925
899,954,203
900,36,489
901,212,828
902,760,861
903,323,482
904,834,992
905,142,164
906,426,332
907,343,505
908,527,558
909,154,939
910,946,867
911,828,725
912,611,204
913,241,98
914,5,43
915,698,85
916,199,695
917,701,684
918,905,92
919,569,8
920,736,393
921,211,555
922,621,209
923,14,455
924,402,837
925,812,735
926,399,776
927,610,636
928,12,624
929,35,993
930,595,480
931,162,442
932,977,369
933,981,560
934,835,94
935,760,719
936,162,564
937,654,957
938,631,997
939,687,157
940,718,595
941,539,158
942,769,128
943,969,220
944,481,646
945,966,976
946,738,874
947,91,589
948,938,125
949,230,883
950,447,67
951,142,350
952,983,850
953,3,793
954,132,376
955,264,245
956,746,392
957,367,32
958,961,312
959,473,469
960,617,996
961,915,30
962,223,95
963,249,536
964,358,604
965,999,218
966,665,759
967,511,4
968,85,334
969,836,577
970,42,708
971,717,490
972,827,614
973,640,755
974,826,175
975,153,374
976,825,50
977,512,191
978,570,82
979,227,183
980,971,590
981,378,570
982,146,906
983,916,953
984,868,196
985,410,691
986,928,856
987,456,571
988,456,741
989,338,499
990,326,395
991,959,573
992,596,644
993,679,47
994,38,399
995,708,419
996,665,516
997,965,995
998,542,260
999,736,835
1000,901,238
1001,980,189
1002,758,947
1003,803,705
1004,434,401
1005,657,510
1006,261,790
1007,228,734
1008,295,192
1009,447,926
1010,550,33
1011,756,617
1012,998,691
1013,480,957
1014,597,821
1015,377,390
1016,241,217
1017,389,452
1018,0,104
1019,316,493
1020,310,456
1021,498,64
1022,198,825
1023,976,49
1024,774,666
1025,177,134
1026,549,52
1027,524,945
1028,279,254
1029,428,579
1030,340,193
1031,416,809
1032,481,714
1033,332,505
1034,224,6
1035,181,346
1036,677,251
1037,350,266
1038,501,674
1039,653,697
1040,849,437
1041,120,728
1042,379,52
1043,840,754
1044,514,366
1045,363,530
1046,527,804
1047,173,590
1048,410,245
1049,74,302
1050,932,230
1051,46,620
1052,421,502
1053,601,87
1054,507,183
1055,616,273
1056,700,789
1057,466,344
1058,784,608
1059,314,376
1060,676,76
1061,973,263
1062,130,666
1063,893,551
1064,758,279
1065,484,373
1066,767,611
1067,767,692
1068,595,541
1069,109,164
1070,222,427
1071,269,736
1072,824,326
1073,741,634
1074,34,863
1075,671,199
1076,745,559
1077,749,971
1078,667,60
1079,390,397
1080,1,68
1081,776,298
1082,95,459
1083,497,633
1084,531,923
1085,892,134
1086,186,15
1087,304,862
1088,376,795
1089,660,774
1090,308,498
1091,822,557
1092,703,103
1093,197,945
1094,53,112
1095,846,735
1096,722,818
1097,331,502
1098,135,520
1099,950,862
1100,548,324
1101,463,710
1102,984,122
1103,495,888
1104,665,643
1105,683,465
1106,148,897
1107,528,500
1108,645,745
1109,261,382
1110,573,443
1111,62,759
1112,649,993
1113,29,941
1114,307,339
1115,85,868
1116,45,313
1117,721,932
1118,957,931
1119,853,900
1120,798,932
1121,735,49
1122,863,112
1123,370,195
1124,875,879
1125,295,2
1126,523,784
1127,190,716
1128,124,750
1129,404,676
1130,640,676
1131,548,864
1132,784,204
1133,600,740
1134,221,909
1135,637,415
1136,721,237
1137,226,857
1138,630,728
1139,483,543
1140,259,391
1141,796,172
1142,109,748
1143,302,437
1144,239,927
1145,13,138
1146,667,358
1147,850,518
1148,761,902
1149,689,963
1150,383,687
1151,469,782
1152,186,612
1153,294,325
1154,545,139
1155,678,851
1156,481,120
1157,954,252
1158,227,410
1159,908,911
1160,654,902
1161,62,962
1162,150,571
1163,785,914
1164,155,718
1165,729,422
1166,565,52
1167,961,35
1168,961,488
1169,800,482
1170,220,987
1171,537,700
1172,416,659
1173,332,615
1174,789,479
1175,224,394
1176,198,18
1177,848,145
1178,160,196
1179,616,155
1180,447,806
1181,362,586
1182,880,11
1183,552,675
1184,693,466
1185,402,79
1186,693,808
1187,182,47
1188,670,162
1189,438,466
1190,804,321
1191,191,745
1192,157,966
1193,910,891
1194,72,28
1195,55,108
1196,369,790
1197,525,573
1198,978,945
1199,627,921
1200,851,398
1201,771,825
1202,935,359
1203,862,215
1204,672,493
1205,57,69
1206,626,213
1207,769,358
1208,477,733
1209,413,462
1210,103,844
1211,120,532
1212,921,893
1213,47,321
1214,506,532
1215,479,913
1216,430,529
1217,956,399
1218,368,493
1219,802,780
1220,860,425
1221,335,531
1222,266,80
1223,222,590
1224,631,270
1225,131,685
1226,382,978
1227,222,246
1228,236,908
1229,494,293
1230,85,93
1231,922,868
1232,458,220
1233,867,938
1234,119,849
1235,335,128
1236,533,996
1237,149,327
1238,624,149
1239,373,774
1240,949,623
1241,437,499
1242,947,820
1243,522,401
1244,395,468
1245,204,181
1246,663,793
1247,311,664
1248,275,581
1249,324,303
1250,116,400
1251,591,472
1252,388,206
1253,92,934
1254,407,457
1255,953,178
1256,385,750
1257,866,280
1258,626,184
1259,656,643
1260,270,294
1261,571,767
1262,912,608
1263,776,533
1264,324,43
1265,751,756
1266,73,336
1267,541,774
1268,950,158
1269,562,467
1270,64,154
1271,216,835
1272,159,740
1273,300,749
1274,48,315
1275,751,446
1276,784,267
1277,502,165
1278,248,568
1279,730,994
1280,741,894
1281,308,149
1282,458,162
1283,256,911
1284,465,73
1285,269,0
1286,592,780
1287,262,761
1288,298,789
1289,737,556
1290,534,335
1291,773,695
1292,663,966
1293,610,522
1294,524,770
1295,55,342
1296,259,47
1297,539,697
1298,313,89
1299,725,248
1300,722,890
1301,6,465
1302,395,928
1303,995,880
1304,881,423
1305,303,603
1306,292,371
1307,873,541
1308,358,399
1309,859,203
1310,411,596
1311,253,96
1312,528,140
1313,160,293
1314,522,888
1315,10,472
1316,79,308
1317,760,387
1318,607,452
1319,888,612
1320,978,880
1321,460,195
1322,768,848
1323,877,963
1324,769,525
1325,486,924
1326,791,957
1327,737,393
1328,322,731
1329,693,99
1330,120,373
1331,167,217
1332,810,908
1333,63,510
1334,532,633
1335,872,762
1336,867,593
1337,203,622
1338,788,636
1339,956,470
1340,755,857
1341,130,411
1342,24,126
1343,943,709
1344,756,48
1345,89,465
1346,673,71
1347,112,15
1348,161,868
1349,992,667
1350,26,342
1351,200,662
1352,34,734
1353,98,530
1354,774,556
1355,779,518
1356,526,636
1357,431,605
1358,141,912
1359,660,489
1360,129,153
1361,644,445
1362,585,793
1363,537,557
1364,351,402
1365,533,157
1366,920,105
1367,474,655
1368,930,366
1369,269,864
1370,182,487
1371,666,106
1372,168,398
1373,216,982
1374,368,746
1375,216,501
1376,740,178
1377,394,633
1378,372,856
1379,553,396
1380,946,144
1381,16,17
1382,104,501
1383,987,141
1384,151,810
1385,95,158
1386,212,412
1387,572,634
1388,194,469
1389,82,798
1390,207,395
1391,699,154
1392,872,822
1393,882,194
1394,742,650
1395,212,317
1396,482,230
1397,359,828
1398,915,405
1399,732,114
1400,751,58
1401,310,99
1402,805,804
1403,678,907
1404,763,416
1405,582,713
1406,37,682
1407,978,398
1408,761,968
1409,170,813
1410,278,461
1411,645,489
1412,504,213
1413,209,420
1414,294,587
1415,453,868
1416,17,852
1417,232,931
1418,868,175
1419,30,971
1420,109,731
1421,797,467
1422,489,641
1423,31,101
1424,377,583
1425,338,354
1426,441,188
1427,118,393
1428,298,495
1429,969,458
1430,943,440
1431,938,383
1432,475,565
1433,621,477
1434,273,191
1435,595,797
1436,19,506
1437,481,259
1438,244,498
1439,543,491
1440,260,373
1441,140,544
1442,587,178
1443,357,886
1444,62,843
1445,48,690
1446,629,123
1447,851,141
1448,991,324
1449,771,266
1450,706,146
1451,17,530
1452,27,839
1453,992,329
1454,383,814
1455,805,483
1456,566,210
1457,168,34
1458,942,819
1459,628,538
1460,960,289
1461,790,933
1462,363,623
1463,528,355
1464,940,574
1465,296,431
1466,243,73
1467,166,550
1468,279,184
1469,540,743
1470,546,670
1471,58,634
1472,707,526
1473,639,335
1474,241,768
1475,933,888
1476,550,248
1477,968,630
1478,403,406
1479,139,168
1480,694,810
1481,179,381
1482,308,696
1483,223,392
1484,146,673
1485,395,976
1486,64,394
1487,3,304
1488,99,319
1489,126,32
1490,539,267
1491,528,978
1492,477,703
1493,564,159
1494,951,59
1495,362,68
1496,126,473
1497,418,966
1498,477,764
1499,554,127
1500,364,268
1501,47,465
1502,952,961
1503,987,438
1504,206,626
1505,128,65
1506,636,280
1507,838,976
1508,712,272
1509,983,968
1510,78,597
1511,24,920
1512,96,662
1513,730,0
1514,746,23
1515,760,196
1516,718,879
1517,247,883
1518,96,975
1519,7,428
1520,746,75
1521,628,853
1522,892,951
1523,25,514
1524,271,52
1525,860,890
1526,623,72
1527,603,358
1528,525,614
1529,760,360
1530,160,692
1531,258,350
1532,268,35
1533,104,963
1534,527,7
1535,299,424
1536,476,181
1537,365,828
1538,24,528
1539,60,639
1540,420,295
1541,987,194
1542,111,658
1543,476,32
1544,503,854
1545,21,956
1546,440,217
1547,287,401
1548,966,752
1549,814,954
1550,418,503
1551,665,379
1552,836,559
1553,21,302
1554,495,629
1555,693,366
1556,42,186
1557,182,351
1558,130,192
1559,707,309
1560,512,846
1561,863,654
1562,478,420
1563,4,997
1564,411,990
1565,809,845
1566,391,947
1567,7,621
1568,660,147
1569,623,749
1570,432,45
1571,896,829
1572,127,160
1573,664,922
1574,488,919
1575,415,127
1576,847,190
1577,956,485
1578,847,425
1579,352,971
1580,291,51
1581,318,515
1582,691,624
1583,667,196
1584,45,358
1585,835,181
1586,511,649
1587,202,826
1588,880,429
1589,18,127
1590,808,539
1591,738,311
1592,906,865
1593,878,399
1594,188,508
1595,561,474
1596,537,159
1597,685,785
1598,879,49
1599,774,194
1600,871,965
1601,320,972
1602,798,47
1603,403,315
1604,619,107
1605,57,196
1606,322,693
1607,47,20
1608,788,302
1609,853,291
1610,35,685
1611,801,313
1612,385,986
1613,603,295
1614,495,214
1615,377,945
1616,940,976
1617,882,173
1618,742,331
1619,660,28
1620,60,828
1621,765,571
1622,807,148
1623,650,4
1624,565,99
1625,923,611
1626,570,211
1627,970,365
1628,679,664
1629,127,594
1630,727,391
1631,634,24
1632,628,156
1633,416,858
1634,297,874
1635,372,481
1636,57,481
1637,220,88
1638,69,818
1639,49,761
1640,135,106
1641,922,851
1642,678,96
1643,75,64
1644,821,513
1645,707,90
1646,432,341
1647,913,773
1648,311,817
1649,943,473
1650,979,671
1651,356,730
1652,616,968
1653,70,456
1654,14,218
1655,475,645
1656,591,437
1657,609,391
1658,200,44
1659,362,801
1660,480,104
1661,398,325
1662,804,939
1663,321,526
1664,109,374
1665,476,980
1666,112,648
1667,245,41
1668,486,167
1669,253,494
1670,230,24
1671,553,23
1672,884,942
1673,136,702
1674,217,134
1675,132,183
1676,17,865
1677,865,89
1678,553,757
1679,771,649
1680,87,29
1681,516,720
1682,2,573
1683,691,604
1684,251,48
1685,402,507
1686,600,386
1687,239,811
1688,993,101
1689,646,970
1690,722,875
1691,595,674
1692,433,656
1693,414,344
1694,149,224
1695,208,763
1696,59,186
1697,12,806
1698,342,418
1699,112,836
1700,509,814
1701,362,17
1702,842,879
1703,414,345
1704,527,820
1705,327,889
1706,657,641
1707,489,180
1708,509,746
1709,344,830
1710,218,314
1711,779,676
1712,247,820
1713,72,262
1714,62,522
1715,349,908
1716,904,446
1717,206,131
1718,25,800
1719,467,586
1720,225,247
1721,776,370
1722,123,322
1723,488,826
1724,645,564
1725,976,82
1726,538,85
1727,587,781
1728,15,889
1729,695,148
1730,456,455
1731,222,2
1732,863,698
1733,718,550
1734,361,710
1735,911,182
1736,74,579
1737,586,401
1738,454,966
1739,810,865
1740,58,694
1741,572,220
1742,587,60
1743,383,883
1744,996,96
1745,394,377
1746,384,266
1747,125,6
1748,374,86
1749,170,442
1750,460,65
1751,392,350
1752,13,660
1753,430,211
1754,550,735
1755,676,851
1756,742,352
1757,362,109
1758,11,661
1759,392,692
1760,950,320
1761,151,531
1762,278,781
1763,215,530
1764,423,283
1765,376,505
1766,671,467
1767,144,573
1768,140,652
1769,544,891
1770,493,905
1771,903,731
1772,978,484
1773,53,481
1774,949,229
1775,735,498
1776,616,906
1777,434,29
1778,924,68
1779,726,375
1780,516,201
1781,28,14
1782,505,724
1783,560,251
1784,856,138
1785,112,473
1786,204,192
1787,261,34
1788,331,911
1789,803,731
1790,216,727
1791,44,867
1792,205,528
1793,517,395
1794,537,340
1795,475,866
1796,100,171
1797,632,826
1798,321,501
1799,529,844
1800,13,565
1801,807,595
1802,167,194
1803,438,395
1804,704,127
1805,8,700
1806,540,275
1807,885,984
1808,669,621
1809,861,776
1810,448,636
1811,395,552
1812,838,975
1813,934,535
1814,773,355
1815,218,578
1816,608,745
1817,773,271
1818,68,964
1819,724,37
1820,812,34
1821,73,950
1822,648,196
1823,12,601
1824,818,481
1825,69,261
1826,248,718
1827,457,988
1828,462,838
1829,396,614
1830,126,805
1831,611,222
1832,326,838
1833,835,511
1834,73,841
1835,64,212
1836,198,579
1837,614,374
1838,673,813
1839,380,820
1840,93,261
1841,85,37
1842,62,466
1843,171,448
1844,905,849
1845,883,225
1846,334,731
1847,563,690
1848,890,532
1849,123,966
1850,884,164
1851,961,143
1852,247,784
1853,773,488
1854,300,977
1855,321,808
1856,339,413
1857,445,334
1858,36,538
1859,99,224
1860,901,677
1861,22,668
1862,262,83
1863,308,685
1864,191,909
1865,580,739
1866,864,193
1867,759,823
1868,530,546
1869,500,541
1870,405,295
1871,356,114
1872,157,563
1873,65,987
1874,653,430
1875,185,99
1876,30,919
1877,94,718
1878,345,265
1879,219,487
1880,707,749
1881,490,436
1882,221,922
1883,975,251
1884,11,309
1885,356,104
1886,881,832
1887,809,329
1888,626,855
1889,945,116
1890,784,620
1891,701,542
1892,857,250
1893,517,987
1894,383,674
1895,949,216
1896,272,460
1897,795,892
1898,581,857
1899,391,462
1900,657,354
1901,972,473
1902,821,309
1903,704,992
1904,462,434
1905,435,617
1906,665,767
1907,225,419
1908,693,267
1909,878,300
1910,470,321
1911,733,880
1912,411,554
1913,183,159
1914,789,875
1915,232,542
1916,743,273
1917,275,22
1918,183,692
1919,884,198
1920,154,574
1921,483,131
1922,735,164
1923,856,416
1924,841,525
1925,413,32
1926,523,556
1927,641,818
1928,67,378
1929,928,942
1930,980,819
1931,79,835
1932,924,60
1933,692,895
1934,598,978
1935,339,230
1936,630,426
1937,304,17
1938,304,537
1939,49,645
1940,284,325
1941,105,654
1942,922,187
1943,56,605
1944,591,221
1945,867,678
1946,53,864
1947,791,825
1948,707,307
1949,520,969
1950,444,240
1951,901,473
1952,733,422
1953,856,112
1954,741,734
1955,490,122
1956,240,910
1957,92,173
1958,34,840
1959,652,983
1960,871,305
1961,581,474
1962,889,238
1963,654,195
1964,878,6
1965,459,783
1966,506,965
1967,615,812
1968,588,138
1969,538,962
1970,509,626
1971,356,585
1972,604,369
1973,246,616
1974,156,279
1975,124,53
1976,577,719
1977,235,831
1978,262,590
1979,755,652
1980,496,250
1981,746,257
1982,292,246
1983,464,853
1984,310,42
1985,448,88
1986,511,41
1987,898,772
1988,201,243
1989,99,949
1990,780,141
1991,355,472
1992,420,612
1993,448,277
1994,223,628
1995,261,61
1996,59,435
1997,524,593
1998,63,735
1999,534,94
2000,978,100
2001,329,741
2002,239,141
2003,713,693
2004,305,625
2005,58,708
2006,495,326
2007,943,413
2008,255,185
2009,983,890
2010,584,855
2011,355,198
2012,854,769
2013,904,761
2014,800,827
2015,34,172
2016,416,894
2017,732,566
2018,723,355
2019,988,533
2020,398,128
2021,605,548
2022,218,321
2023,321,655
2024,421,259
2025,962,42
2026,244,284
2027,980,100
2028,875,69
2029,133,152
2030,476,44
2031,343,123
2032,423,877
2033,177,131
2034,813,69
2035,121,839
2036,323,179
2037,335,67
2038,682,655
2039,153,404
2040,222,434
2041,440,506
2042,892,946
2043,573,820
2044,31,3
2045,503,53
2046,96,51
2047,515,952
2048,876,447
2049,470,571
2050,285,802
2051,624,977
2052,387,579
2053,356,103
2054,411,675
2055,220,640
2056,930,943
2057,15,396
2058,403,188
2059,101,313
2060,986,69
2061,540,865
2062,880,5
2063,838,426
2064,31,742
2065,331,13
2066,727,20
2067,31,831
2068,334,955
2069,686,565
2070,668,337
2071,900,126
2072,471,713
2073,109,96
2074,74,725
2075,61,510
2076,139,224
2077,768,142
2078,623,353
2079,866,20
2080,323,941
2081,364,467
2082,411,812
2083,488,294
2084,771,459
2085,300,353
2086,226,634
2087,634,733
2088,201,686
2089,972,704
2090,172,873
2091,595,101
2092,386,94
2093,70,199
2094,220,925
2095,851,191
2096,620,735
2097,538,309
2098,420,475
2099,423,107
2100,998,296
2101,722,428
2102,498,131
2103,118,684
2104,72,285
2105,268,482
2106,932,358
2107,625,37
2108,388,844
2109,81,442
2110,309,165
2111,363,403
2112,293,725
2113,380,443
2114,203,466
2115,581,227
2116,512,787
2117,577,700
2118,45,438
2119,353,121
2120,121,77
2121,962,302
2122,816,993
2123,411,926
2124,158,543
2125,255,311
2126,667,237
2127,31,39
2128,532,702
2129,663,830
2130,706,226
2131,295,770
2132,255,634
2133,536,785
2134,369,360
2135,598,145
2136,770,43
2137,616,358
2138,922,512
2139,887,520
2140,660,717
2141,34,463
2142,503,897
2143,958,277
2144,358,250
2145,901,21
2146,340,366
2147,728,158
2148,423,108
2149,195,219
2150,513,771
2151,81,440
2152,597,304
2153,23,759
2154,588,25
2155,735,148
2156,86,830
2157,650,269
2158,715,274
2159,761,557
2160,978,461
2161,464,20
2162,646,292
2163,579,511
2164,677,123
2165,413,34
2166,316,352
2167,352,689
2168,897,313
2169,415,78
2170,478,588
2171,906,669
2172,854,487
2173,180,321
2174,642,429
2175,887,783
2176,105,97
2177,79,255
2178,770,230
2179,494,864
2180,678,260
2181,852,88
2182,622,811
2183,706,138
2184,376,891
2185,678,971
2186,664,345
2187,307,19
2188,557,677
2189,363,833
2190,281,474
2191,280,758
2192,139,329
2193,963,613
2194,486,124
2195,195,185
2196,361,544
2197,667,886
2198,360,626
2199,361,170
2200,266,6
2201,43,515
2202,601,929
2203,122,448
2204,329,914
2205,219,621
2206,31,820
2207,983,357
2208,465,7
2209,229,199
2210,914,504
2211,332,397
2212,501,365
2213,464,678
2214,610,959
2215,513,838
2216,107,335
2217,891,968
2218,17,590
2219,851,195
2220,440,185
2221,859,451
2222,195,310
2223,878,551
2224,279,674
2225,126,244
2226,671,771
2227,534,886
2228,505,468
2229,894,980
2230,140,459
2231,206,502
2232,957,494
2233,219,226
2234,842,665
2235,858,565
2236,885,796
2237,210,985
2238,506,137
2239,6,26
2240,76,150
2241,749,611
2242,802,800
2243,400,714
2244,592,44
2245,692,434
2246,757,711
2247,319,15
2248,438,400
2249,22,283
2250,624,510
2251,501,697
2252,706,68
2253,218,216
2254,829,643
2255,896,621
2256,451,973
2257,376,543
2258,952,5
2259,102,684
2260,501,614
2261,499,639
2262,769,143
2263,973,141
2264,941,962
2265,814,712
2266,527,19
2267,318,871
2268,133,752
2269,370,643
2270,34,794
2271,11,856
2272,564,447
2273,656,42
2274,798,241
2275,262,613
2276,565,161
2277,452,430
2278,579,630
2279,638,864
2280,232,362
2281,550,405
2282,670,880
2283,0,392
2284,406,572
2285,106,226
2286,377,78
2287,914,125
2288,140,884
2289,222,74
2290,7,95
2291,781,309
2292,356,392
2293,545,243
2294,107,126
2295,885,960
2296,48,485
2297,719,355
2298,506,948
2299,609,879
2300,482,205
2301,856,196
2302,661,206
2303,431,432
2304,244,764
2305,343,495
2306,702,497
2307,816,317
2308,575,800
2309,622,612
2310,30,953
2311,935,155
2312,950,131
2313,38,518
2314,600,855
2315,880,799
2316,817,181
2317,560,730
2318,816,104
2319,293,849
2320,418,56
2321,993,695
2322,544,468
2323,334,120
2324,108,517
2325,96,93
2326,134,269
2327,272,555
2328,538,467
2329,781,418
2330,909,348
2331,118,595
2332,878,137
2333,15,693
2334,7,653
2335,529,496
2336,86,144
2337,79,338
2338,18,298
2339,21,975
2340,47,110
2341,802,846
2342,214,454
2343,63,747
2344,788,719
2345,456,669
2346,652,904
2347,192,595
2348,708,657
2349,287,55
2350,601,516
2351,638,541
2352,97,548
2353,177,193
2354,225,857
2355,460,921
2356,639,850
2357,115,984
2358,916,526
2359,784,877
2360,713,471
2361,443,838
2362,724,128
2363,796,132
2364,944,519
2365,696,12
2366,497,756
2367,835,495
2368,135,649
2369,121,78
2370,225,225
2371,732,442
2372,612,830
2373,532,734
2374,695,305
2375,894,897
2376,354,174
2377,451,937
2378,78,653
2379,458,639
2380,743,338
2381,621,540
2382,399,612
2383,422,864
2384,363,6
2385,247,431
2386,499,749
2387,395,209
2388,901,602
2389,433,415
2390,23,154
2391,599,511
2392,151,81
2393,717,803
2394,360,391
2395,63,156
2396,392,616
2397,106,871
2398,491,513
2399,476,294
2400,205,69
2401,262,720
2402,192,697
2403,225,709
2404,473,947
2405,22,620
2406,177,587
2407,589,428
2408,247,696
2409,756,553
2410,597,639
2411,125,803
2412,482,763
2413,334,898
2414,938,456
2415,962,720
2416,882,233
2417,678,58
2418,707,211
2419,751,152
2420,717,391
2421,415,369
2422,779,58
2423,976,47
2424,613,978
2425,543,752
2426,38,598
2427,322,396
2428,131,57
2429,295,486
2430,276,835
2431,215,866
2432,708,65
2433,522,442
2434,459,375
2435,867,815
2436,77,815
2437,186,392
2438,304,688
2439,309,976
2440,782,627
2441,94,431
2442,798,769
2443,400,882
2444,466,330
2445,359,107
2446,62,310
2447,400,604
2448,304,742
2449,560,596
2450,974,176
2451,562,926
2452,568,942
2453,366,143
2454,249,466
2455,648,284
2456,35,129
2457,207,63
2458,776,529
2459,769,380
2460,400,536
2461,858,124
2462,44,750
2463,405,627
2464,795,287
2465,96,419
2466,70,933
2467,377,106
2468,986,146
2469,719,740
2470,99,688
2471,478,338
2472,214,514
2473,397,505
2474,894,300
2475,834,822
2476,938,488
2477,752,717
2478,364,857
2479,483,251
2480,416,374
2481,406,262
2482,510,377
2483,204,480
2484,469,929
2485,884,311
2486,178,441
2487,103,671
2488,35,77
2489,533,290
2490,65,271
2491,838,489
2492,110,92
2493,190,3
2494,497,261
2495,530,818
2496,202,371
2497,154,273
2498,148,479
2499,522,886
2500,836,602
2501,197,16
2502,170,497
2503,171,307
2504,37,104
2505,107,860
2506,59,335
2507,740,56
2508,390,164
2509,303,997
2510,137,148
2511,230,923
2512,502,7
2513,539,352
2514,769,843
2515,309,518
2516,924,815
2517,783,197
2518,524,638
2519,601,228
2520,402,242
2521,892,70
2522,439,648
2523,54,892
2524,394,310
2525,340,472
2526,169,949
2527,210,686
2528,537,987
2529,879,83
2530,760,776
2531,87,771
2532,691,48
2533,476,670
2534,548,779
2535,403,167
2536,938,746
2537,99,655
2538,195,384
2539,758,548
2540,855,448
2541,416,295
2542,35,885
2543,101,198
2544,376,232
2545,928,750
2546,1000,386
2547,309,762
2548,812,199
2549,770,611
2550,582,455
2551,626,589
2552,923,760
2553,479,3
2554,982,684
2555,796,403
2556,478,160
2557,577,868
2558,754,70
2559,335,184
2560,21,672
2561,635,27
2562,528,696
2563,947,698
2564,532,599
2565,47,135
2566,301,219
2567,130,14
2568,658,359
2569,736,540
2570,326,962
2571,253,732
2572,879,368
2573,133,256
2574,747,910
2575,140,669
2576,623,510
2577,744,281
2578,903,186
2579,662,765
2580,671,215
2581,250,706
2582,893,528
2583,172,710
2584,576,466
2585,937,416
2586,59,181
2587,441,376
2588,267,643
2589,962,548
2590,66,175
2591,763,454
2592,388,627
2593,196,30
2594,580,449
2595,629,692
2596,631,403
2597,792,618
2598,77,443
2599,498,764
2600,215,712
2601,826,512
2602,418,960
2603,359,330
2604,53,272
2605,676,225
2606,197,484
2607,819,158
2608,972,491
2609,95,950
2610,681,656
2611,892,20
2612,661,483
2613,965,296
2614,511,414
2615,200,738
2616,215,835
2617,725,484
2618,281,22
2619,291,419
2620,205,756
2621,427,799
2622,577,330
2623,170,353
2624,397,819
2625,139,782
2626,979,424
2627,796,359
2628,693,527
2629,19,103
2630,965,869
2631,359,73
2632,106,436
2633,124,654
2634,117,326
2635,887,253
2636,509,95
2637,121,737
2638,212,988
2639,122,343
2640,762,60
2641,327,962
2642,323,118
2643,413,571
2644,995,736
2645,364,711
2646,72,220
2647,929,793
2648,683,63
2649,399,103
2650,858,841
2651,297,307
2652,35,571
2653,904,629
2654,506,163
2655,882,460
2656,143,580
2657,834,494
2658,881,628
2659,139,325
2660,569,866
2661,396,154
2662,734,72
2663,17,901
2664,691,100
2665,513,978
2666,352,902
2667,321,180
2668,87,162
2669,730,505
2670,325,544
2671,986,362
2672,133,31
2673,45,248
2674,297,61
2675,991,306
2676,292,917
2677,742,299
2678,496,821
2679,670,164
2680,986,671
2681,871,814
2682,390,523
2683,235,837
2684,780,589
2685,803,944
2686,293,99
2687,690,845
2688,804,44
2689,820,468
2690,852,243
2691,991,493
2692,44,223
2693,623,230
2694,2,381
2695,176,139
2696,372,736
2697,978,893
2698,661,855
2699,751,354
2700,100,188
2701,798,518
2702,320,550
2703,195,306
2704,528,945
2705,522,438
2706,483,897
2707,467,386
2708,980,86
2709,332,617
2710,950,144
2711,847,535
2712,475,207
2713,701,126
2714,536,47
2715,877,273
2716,867,800
2717,466,745
2718,471,476
2719,444,236
2720,300,249
2721,116,872
2722,867,916
2723,176,665
2724,329,416
2725,934,770
2726,410,172
2727,565,600
2728,151,640
2729,376,822
2730,756,843
2731,219,442
2732,374,30
2733,921,803
2734,836,723
2735,150,704
2736,249,472
2737,686,305
2738,825,559
2739,713,17
2740,111,434
2741,273,644
2742,241,942
2743,639,983
2744,104,467
2745,536,294
2746,482,954
2747,724,435
2748,724,99
2749,552,937
2750,374,960
2751,551,654
2752,460,66
2753,142,906
2754,248,66
2755,531,163
2756,501,58
2757,113,143
2758,878,818
2759,665,343
2760,952,469
2761,157,692
2762,606,300
2763,945,104
2764,287,622
2765,20,289
2766,537,448
2767,11,658
2768,829,72
2769,671,675
2770,878,572
2771,277,753
2772,648,633
2773,692,459
2774,72,603
2775,197,926
2776,419,365
2777,517,67
2778,811,277
2779,204,287
2780,429,142
2781,802,28
2782,446,518
2783,667,327
2784,490,650
2785,157,753
2786,166,788
2787,86,334
2788,870,93
2789,272,154
2790,814,617
2791,703,209
2792,61,782
2793,321,282
2794,24,414
2795,91,201
2796,691,343
2797,830,909
2798,401,79
2799,300,666
2800,631,884
2801,29,524
2802,324,449
2803,936,824
2804,8,126
2805,190,761
2806,599,942
2807,746,229
2808,165,516
2809,855,974
2810,540,545
2811,633,281
2812,634,481
2813,138,48
2814,897,901
2815,520,861
2816,724,681
2817,21,96
2818,182,740
2819,24,279
2820,885,849
2821,676,381
2822,873,870
2823,577,138
2824,973,625
2825,852,898
2826,259,13
2827,639,154
2828,623,20
2829,587,903
2830,127,704
2831,703,937
2832,29,212
2833,414,607
2834,902,572
2835,356,405
2836,254,634
2837,500,575
2838,153,383
2839,528,62
2840,815,77
2841,223,700
2842,920,575
2843,386,677
2844,707,986
2845,473,477
2846,464,463
2847,264,900
2848,994,516
2849,150,108
2850,243,867
2851,511,503
2852,884,253
2853,802,413
2854,315,779
2855,197,64
2856,669,435
2857,639,697
2858,881,781
2859,659,420
2860,557,123
2861,617,496
2862,89,668
2863,974,932
2864,568,585
2865,391,273
2866,798,342
2867,93,732
2868,392,86
2869,541,661
2870,922,764
2871,396,345
2872,230,697
2873,869,750
2874,308,459
2875,707,678
2876,788,276
2877,155,218
2878,888,775
2879,586,967
2880,447,656
2881,315,421
2882,343,794
2883,6,675
2884,268,852
2885,454,595
2886,766,340
2887,524,525
2888,656,565
2889,292,179
2890,733,640
2891,975,398
2892,780,354
2893,899,262
2894,499,552
2895,408,517
2896,819,471
2897,197,855
2898,310,365
2899,993,471
2900,688,777
2901,124,917
2902,147,158
2903,298,206
2904,97,389
2905,649,241
2906,198,249
2907,412,340
2908,11,660
2909,451,772
2910,696,416
2911,76,899
2912,433,515
2913,354,817
2914,620,873
2915,200,217
2916,159,56
2917,512,875
2918,903,470
2919,2,3
2920,297,726
2921,770,988
2922,665,504
2923,503,81
2924,736,557
2925,928,578
2926,130,90
2927,271,402
2928,897,140
2929,296,155
2930,948,175
2931,220,724
2932,644,760
2933,188,681
2934,413,337
2935,989,328
2936,960,811
2937,821,770
2938,865,39
2939,824,808
2940,386,238
2941,397,72
2942,659,177
2943,272,162
2944,546,631
2945,117,356
2946,357,47
2947,740,808
2948,914,279
2949,896,818
2950,313,516
2951,7,86
2952,259,474
2953,894,533
2954,441,277
2955,469,142
2956,604,274
2957,156,88
2958,999,678
2959,174,691
2960,404,585
2961,505,625
2962,911,159
2963,340,416
2964,688,479
2965,563,602
2966,971,27
2967,152,523
2968,369,861
2969,341,859
2970,752,891
2971,664,216
2972,553,362
2973,397,275
2974,313,271
2975,497,491
2976,901,890
2977,587,613
2978,625,65
2979,776,606
2980,738,594
2981,786,925
2982,353,723
2983,329,38
2984,352,638
2985,499,4
2986,44,400
2987,736,294
2988,382,131
2989,388,577
2990,297,217
2991,408,535
2992,65,700
2993,553,646
2994,570,534
2995,195,467
2996,824,355
2997,524,110
2998,258,332
2999,873,357
3000,382,186
3001,97,60
3002,171,556
3003,44,777
3004,889,348
3005,617,160
3006,666,82
3007,233,52
3008,133,662
3009,142,450
3010,764,758
3011,328,345
3012,748,714
3013,272,842
3014,428,687
3015,777,873
3016,503,472
3017,718,455
3018,447,346
3019,306,883
3020,537,347
3021,552,611
3022,836,406
3023,291,811
3024,260,534
3025,938,499
3026,78,93
3027,858,346
3028,201,95
3029,517,261
3030,583,739
3031,150,887
3032,931,33
3033,30,576
3034,333,26
3035,908,32
3036,543,242
3037,46,902
3038,365,718
3039,748,376
3040,989,935
3041,628,153
3042,917,701
3043,460,659
3044,597,123
3045,796,610
3046,935,325
3047,812,131
3048,528,705
3049,217,490
3050,503,559
3051,779,344
3052,255,967
3053,640,209
3054,422,237
3055,853,28
3056,913,938
3057,546,303
3058,488,962
3059,750,283
3060,802,854
3061,516,717
3062,688,643
3063,572,331
3064,495,528
3065,535,696
3066,568,410
3067,300,472
3068,204,794
3069,579,580
3070,536,461
3071,461,811
3072,478,254
3073,972,337
3074,550,280
3075,556,506
3076,657,452
3077,956,89
3078,981,996
3079,327,43
3080,572,539
3081,29,645
3082,799,600
3083,63,163
3084,836,987
3085,558,29
3086,650,455
3087,736,492
3088,822,308
3089,606,55
3090,49,979
3091,990,322
3092,602,624
3093,35,694
3094,549,755
3095,315,98
3096,451,490
3097,383,736
3098,690,248
3099,123,660
3100,118,16
3101,877,819
3102,224,604
3103,658,581
3104,763,87
3105,638,159
3106,908,912
3107,785,213
3108,81,24
3109,581,808
3110,844,59
3111,422,34
3112,517,638
3113,355,401
3114,445,786
3115,120,367
3116,920,276
3117,964,387
3118,602,530
3119,137,946
3120,131,537
3121,979,783
3122,345,119
3123,509,936
3124,435,555
3125,825,366
3126,619,214
3127,423,497
3128,846,160
3129,68,889
3130,392,922
3131,836,506
3132,372,57
3133,136,130
3134,38,35
3135,676,194
3136,81,741
3137,586,210
3138,836,558
3139,491,868
3140,610,531
3141,739,344
3142,885,721
3143,64,600
3144,446,299
3145,15,273
3146,159,687
3147,639,663
3148,561,717
3149,920,377
3150,913,619
3151,320,375
3152,258,546
3153,585,890
3154,372,461
3155,394,970
3156,585,931
3157,924,291
3158,286,359
3159,218,660
3160,5,960
3161,677,387
3162,698,467
3163,418,249
3164,404,833
3165,369,267
3166,667,818
3167,122,227
3168,943,897
3169,954,370
3170,105,3
3171,961,780
3172,919,989
3173,486,988
3174,95,744
3175,22,782
3176,882,355
3177,882,144
3178,372,805
3179,829,506
3180,179,187
3181,806,851
3182,960,263
3183,800,491
3184,220,721
3185,866,286
3186,194,131
3187,194,685
3188,117,501
3189,281,225
3190,279,65
3191,292,629
3192,351,394
3193,336,273
3194,426,242
3195,131,323
3196,768,547
3197,620,820
3198,349,176
3199,88,725
3200,232,90
3201,198,760
3202,984,788
3203,477,34
3204,109,189
3205,369,215
3206,454,899
3207,868,488
3208,898,873
3209,855,739
3210,710,503
3211,709,858
3212,375,687
3213,694,107
3214,57,895
3215,100,857
3216,830,692
3217,149,143
3218,739,559
3219,455,860
3220,282,743
3221,24,377
3222,379,634
3223,781,923
3224,374,247
3225,595,300
3226,744,141
3227,140,926
3228,781,679
3229,724,698
3230,195,288
3231,143,691
3232,286,983
3233,16,8
3234,584,631
3235,574,612
3236,194,171
3237,293,874
3238,477,3
3239,514,736
3240,48,682
3241,899,773
3242,887,906
3243,674,317
3244,543,46
3245,673,415
3246,369,810
3247,823,301
3248,965,20
3249,249,444
3250,493,323
3251,950,356
3252,422,452
3253,648,520
3254,314,427
3255,125,850
3256,902,163
3257,623,975
3258,679,452
3259,856,447
3260,648,677
3261,329,877
3262,652,366
3263,372,542
3264,389,268
3265,187,423
3266,315,773
3267,76,969
3268,97,374
3269,347,289
3270,600,866
3271,250,114
3272,851,318
3273,669,105
3274,970,142
3275,726,176
3276,869,945
3277,456,699
3278,637,6
3279,946,403
3280,728,337
3281,690,257
3282,933,836
3283,71,671
3284,209,955
3285,452,259
3286,531,551
3287,556,537
3288,575,405
3289,803,611
3290,91,490
3291,845,773
3292,398,914
3293,560,5
3294,343,407
3295,393,967
3296,606,823
3297,287,24
3298,461,618
3299,656,338
3300,712,737
3301,190,762
3302,904,143
3303,366,499
3304,23,129
3305,786,318
3306,895,128
3307,235,669
3308,892,322
3309,689,864
3310,974,869
3311,574,637
3312,796,760
3313,126,191
3314,333,925
3315,642,812
3316,663,359
3317,158,810
3318,978,372
3319,282,895
3320,517,714
3321,233,434
3322,337,1
3323,354,830
3324,129,32
3325,53,382
3326,457,798
3327,871,216
3328,544,728
3329,509,446
3330,953,795
3331,491,523
3332,569,119
3333,455,211
3334,909,836
3335,767,553
3336,340,462
3337,876,813
3338,126,757
3339,538,210
3340,714,957
3341,984,159
3342,677,619
3343,769,500
3344,529,334
3345,321,574
3346,457,290
3347,475,307
3348,174,781
3349,245,522
3350,949,17
3351,1,765
3352,918,796
3353,725,246
3354,924,314
3355,128,278
3356,23,930
3357,881,358
3358,600,303
3359,36,263
3360,189,594
3361,684,530
3362,787,270
3363,303,912
3364,42,780
3365,88,163
3366,208,85
3367,66,918
3368,350,187
3369,928,392
3370,52,368
3371,763,125
3372,805,704
3373,871,194
3374,715,251
3375,835,924
3376,773,515
3377,415,772
3378,782,601
3379,939,343
3380,77,157
3381,398,629
3382,796,358
3383,510,163
3384,636,694
3385,304,338
3386,103,613
3387,357,176
3388,821,432
3389,575,29
3390,402,817
3391,861,618
3392,983,721
3393,266,586
3394,16,33
3395,835,834
3396,537,455
3397,328,900
3398,498,643
3399,464,4
3400,798,851
3401,351,618
3402,53,683
3403,412,945
3404,35,478
3405,474,243
3406,908,797
3407,69,711
3408,902,527
3409,135,891
3410,263,222
3411,422,455
3412,340,996
3413,742,96
3414,746,766
3415,304,702
3416,795,391
3417,377,385
3418,731,139
3419,913,309
3420,804,695
3421,697,228
3422,836,194
3423,504,53
3424,470,912
3425,394,461
3426,172,890
3427,170,993
3428,667,242
3429,453,39
3430,643,296
3431,402,890
3432,934,509
3433,826,426
3434,571,407
3435,572,722
3436,394,603
3437,652,39
3438,878,868
3439,959,277
3440,845,802
3441,339,701
3442,773,748
3443,452,443
3444,641,176
3445,279,926
3446,697,989
3447,198,312
3448,1,899
3449,124,475
3450,772,695
3451,779,149
3452,684,932
3453,110,21
3454,43,618
3455,934,20
3456,136,161
3457,406,13
3458,908,645
3459,531,977
3460,802,965
3461,27,850
3462,797,732
3463,588,740
3464,292,975
3465,164,330
3466,178,597
3467,904,442
3468,931,521
3469,751,607
3470,194,718
3471,491,493
3472,212,95
3473,533,803
3474,339,898
3475,639,771
3476,396,808
3477,78,446
3478,872,886
3479,427,410
3480,274,618
3481,280,830
3482,932,213
3483,343,60
3484,965,416
3485,737,460
3486,729,797
3487,378,164
3488,350,123
3489,812,227
3490,281,171
3491,544,612
3492,592,650
3493,168,663
3494,449,251
3495,960,974
3496,982,939
3497,420,576
3498,455,45
3499,745,763
3500,749,389
3501,319,687
3502,1000,186
3503,733,19
3504,559,248
3505,929,675
3506,213,478
3507,444,770
3508,557,909
3509,316,929
3510,298,608
3511,265,40
3512,900,261
3513,6,169
3514,897,250
3515,64,52
3516,699,188
3517,363,486
3518,91,936
3519,640,408
3520,235,682
3521,92,508
3522,800,567
3523,924,957
3524,736,424
3525,337,571
3526,307,365
3527,672,330
3528,414,298
3529,590,74
3530,140,670
3531,705,57
3532,277,812
3533,223,989
3534,241,709
3535,300,104
3536,361,151
3537,321,45
3538,34,712
3539,724,946
3540,431,979
3541,871,419
3542,435,100
3543,888,720
3544,788,824
3545,115,186
3546,229,318
3547,781,439
3548,371,638
3549,429,75
3550,54,279
3551,798,157
3552,808,10
3553,403,557
3554,175,820
3555,422,226
3556,549,463
3557,167,79
3558,829,549
3559,795,362
3560,959,498
3561,129,983
3562,634,447
3563,152,346
3564,211,620
3565,954,358
3566,286,847
3567,490,218
3568,776,211
3569,240,807
3570,412,428
3571,135,751
3572,843,563
3573,733,467
3574,387,350
3575,104,40
3576,382,276
3577,875,766
3578,512,12
3579,765,227
3580,856,391
3581,356,939
3582,327,975
3583,163,136
3584,707,489
3585,440,172
3586,528,372
3587,708,791
3588,983,36
3589,868,211
3590,579,566
3591,188,490
3592,852,491
3593,198,491
3594,789,184
3595,94,908
3596,368,832
3597,971,699
3598,96,88
3599,205,541
3600,916,350
3601,289,785
3602,197,6
3603,704,443
3604,159,425
3605,215,618
3606,96,358
3607,686,424
3608,476,726
3609,353,978
3610,648,43
3611,166,812
3612,566,628
3613,552,79
3614,737,798
3615,96,658
3616,901,709
3617,688,330
3618,681,496
3619,729,647
3620,610,383
3621,748,826
3622,475,176
3623,240,657
3624,503,535
3625,491,273
3626,32,61
3627,30,707
3628,413,498
3629,28,706
3630,931,196
3631,234,23
3632,95,370
3633,584,692
3634,197,983
3635,829,907
3636,854,559
3637,147,393
3638,110,363
3639,22,282
3640,489,116
3641,804,243
3642,565,714
3643,738,591
3644,313,785
3645,679,188
3646,590,346
3647,25,738
3648,951,111
3649,306,737
3650,668,283
3651,307,214
3652,588,137
3653,55,735
3654,367,985
3655,96,557
3656,965,786
3657,249,357
3658,328,905
3659,130,479
3660,327,895
3661,20,909
3662,923,79
3663,142,342
3664,703,741
3665,922,260
3666,968,201
3667,517,475
3668,231,438
3669,508,170
3670,231,361
3671,956,448
3672,32,232
3673,202,853
3674,887,446
3675,993,334
3676,440,803
3677,643,109
3678,501,652
3679,213,773
3680,674,944
3681,347,29
3682,590,512
3683,514,213
3684,879,497
3685,557,873
3686,471,317
3687,887,426
3688,969,696
3689,328,945
3690,267,992
3691,171,528
3692,491,74
3693,48,939
3694,256,771
3695,971,999
3696,659,495
3697,768,642
3698,181,657
3699,579,355
3700,608,351
3701,771,547
3702,869,681
3703,160,741
3704,377,159
3705,298,817
3706,22,7
3707,979,7
3708,467,516
3709,117,465
3710,81,583
3711,64,425
3712,522,534
3713,557,411
3714,218,931
3715,176,627
3716,678,670
3717,409,920
3718,104,699
3719,781,332
3720,594,783
3721,91,932
3722,841,767
3723,725,289
3724,440,524
3725,138,360
3726,326,454
3727,620,710
3728,836,754
3729,735,290
3730,359,293
3731,270,349
3732,696,913
3733,65,272
3734,13,979
3735,597,543
3736,869,509
3737,249,573
3738,53,703
3739,496,119
3740,518,135
3741,941,150
3742,651,618
3743,166,659
3744,770,294
3745,767,440
3746,834,317
3747,501,342
3748,241,19
3749,305,668
3750,660,203
3751,622,153
3752,529,681
3753,170,262
3754,225,410
3755,390,423
3756,751,848
3757,337,158
3758,954,927
3759,207,189
3760,602,620
3761,810,728
3762,790,717
3763,401,628
3764,491,169
3765,475,772
3766,644,259
3767,307,594
3768,214,876
3769,911,715
3770,244,930
3771,474,112
3772,188,827
3773,768,887
3774,199,49
3775,495,253
3776,575,424
3777,600,47
3778,219,247
3779,696,399
3780,811,704
3781,360,725
3782,363,87
3783,141,65
3784,338,66
3785,482,314
3786,904,297
3787,603,453
3788,236,371
3789,462,908
3790,938,101
3791,844,912
3792,328,58
3793,992,123
3794,904,438
3795,549,953
3796,140,741
3797,204,718
3798,607,410
3799,541,675
3800,869,788
3801,66,792
3802,236,504
3803,878,190
3804,70,579
3805,408,667
3806,106,187
3807,345,322
3808,65,132
3809,489,226
3810,43,604
3811,973,915
3812,528,596
3813,194,407
3814,124,27
3815,273,635
3816,951,543
3817,773,981
3818,690,478
3819,641,526
3820,416,915
3821,428,92
3822,22,320
3823,872,250
3824,871,198
3825,353,909
3826,352,202
3827,548,887
3828,100,554
3829,69,742
3830,554,51
3831,855,835
3832,256,580
3833,27,56
3834,95,272
3835,888,92
3836,435,625
3837,416,531
3838,964,982
3839,110,14
3840,208,883
3841,921,862
3842,711,172
3843,876,965
3844,923,697
3845,492,586
3846,255,800
3847,574,616
3848,453,174
3849,389,512
3850,161,291
3851,519,386
3852,344,401
3853,19,395
3854,91,555
3855,840,39
3856,276,484
3857,561,571
3858,778,265
3859,361,632
3860,201,575
3861,826,654
3862,366,89
3863,86,982
3864,276,499
3865,614,799
3866,598,657
3867,136,777
3868,903,691
3869,477,31
3870,447,869
3871,680,927
3872,569,424
3873,165,108
3874,261,402
3875,788,356
3876,199,412
3877,700,608
3878,862,298
3879,947,110
3880,512,417
3881,457,13
3882,194,502
3883,310,752
3884,802,323
3885,85,983
3886,831,476
3887,280,423
3888,188,705
3889,42,521
3890,328,139
3891,270,536
3892,730,280
3893,290,586
3894,680,126
3895,830,669
3896,840,596
3897,687,589
3898,753,14
3899,55,963
3900,995,481
3901,975,950
3902,71,505
3903,241,370
3904,483,672
3905,456,172
3906,461,714
3907,242,613
3908,487,685
3909,793,193
3910,549,573
3911,210,691
3912,7,318
3913,24,275
3914,941,481
3915,959,365
3916,842,221
3917,581,273
3918,572,131
3919,88,263
3920,420,976
3921,848,260
3922,590,408
3923,794,537
3924,787,823
3925,516,181
3926,154,417
3927,358,309
3928,165,532
3929,451,606
3930,369,22
3931,379,491
3932,260,211
3933,870,148
3934,716,761
3935,877,322
3936,249,816
3937,908,641
3938,497,187
3939,425,687
3940,242,783
3941,882,572
3942,33,24
3943,784,749
3944,546,182
3945,778,480
3946,797,476
3947,298,948
3948,587,55
3949,311,297
3950,493,878
3951,904,455
3952,484,806
3953,136,796
3954,429,386
3955,517,989
3956,470,269
3957,754,683
3958,45,135
3959,353,37
3960,723,531
3961,825,302
3962,893,289
3963,432,66
3964,578,67
3965,285,766
3966,548,580
3967,156,165
3968,892,782
3969,703,266
3970,766,640
3971,491,653
3972,354,846
3973,616,200
3974,817,53
3975,472,609
3976,297,504
3977,252,261
3978,591,850
3979,437,170
3980,654,579
3981,374,38
3982,618,404
3983,959,188
3984,506,64
3985,248,909
3986,254,396
3987,797,481
3988,690,369
3989,661,233
3990,906,877
3991,711,888
3992,56,173
3993,98,604
3994,115,794
3995,137,954
3996,937,139
3997,750,619
3998,402,66
3999,891,943
4000,769,944
4001,892,569
4002,601,467
4003,820,318
4004,737,324
4005,156,238
4006,173,123
4007,678,400
4008,502,342
4009,813,480
4010,580,375
4011,469,928
4012,827,70
4013,356,885
4014,681,33
4015,51,858
4016,878,4
4017,713,894
4018,785,671
4019,373,331
4020,657,878
4021,323,994
4022,318,8
4023,584,554
4024,665,553
4025,114,792
4026,950,188
4027,242,863
4028,488,979
4029,61,509
4030,174,27
4031,907,88
4032,550,620
4033,774,392
4034,465,136
4035,796,626
4036,474,906
4037,703,297
4038,917,373
4039,962,740
4040,301,273
4041,844,580
4042,237,989
4043,775,825
4044,613,65
4045,139,521
4046,751,26
4047,700,431
4048,931,570
4049,343,856
4050,188,940
4051,443,799
4052,260,456
4053,156,54
4054,366,372
4055,850,557
4056,188,547
4057,274,56
4058,121,273
4059,768,669
4060,671,978
4061,323,693
4062,989,74
4063,731,179
4064,186,104
4065,426,436
4066,826,547
4067,299,655
4068,584,650
4069,572,124
4070,647,916
4071,354,670
4072,269,886
4073,505,208
4074,680,858
4075,378,9
4076,241,211
4077,582,901
4078,263,601
4079,809,355
4080,239,212
4081,728,494
4082,16,940
4083,37,482
4084,257,362
4085,669,203
4086,119,944
4087,386,437
4088,384,890
4089,343,492
4090,894,457
4091,754,153
4092,313,178
4093,865,159
4094,790,163
4095,506,433
4096,966,54
4097,501,456
4098,129,323
4099,302,998
4100,365,981
4101,399,292
4102,194,760
4103,678,81
4104,872,287
4105,439,314
4106,830,573
4107,570,654
4108,297,847
4109,351,783
4110,305,489
4111,826,437
4112,697,30
4113,3,788
4114,212,693
4115,819,856
4116,596,447
4117,286,710
4118,989,759
4119,661,104
4120,551,458
4121,419,969
4122,408,360
4123,330,736
4124,286,506
4125,75,335
4126,715,940
4127,53,763
4128,251,442
4129,938,503
4130,839,765
4131,581,449
4132,57,881
4133,316,387
4134,880,85
4135,412,617
4136,68,999
4137,661,867
4138,817,914
4139,44,975
4140,372,797
4141,262,450
4142,375,56
4143,908,465
4144,762,843
4145,758,198
4146,544,997
4147,688,639
4148,23,491
4149,940,510
4150,884,612
4151,356,226
4152,74,292
4153,461,167
4154,656,550
4155,949,862
4156,458,345
4157,799,886
4158,685,636
4159,850,615
4160,72,407
4161,694,638
4162,285,780
4163,206,196
4164,248,893
4165,581,466
4166,406,386
4167,578,435
4168,744,63
4169,251,495
4170,566,12
4171,388,500
4172,981,291
4173,215,337
4174,202,899
4175,397,286
4176,779,22
4177,899,89
4178,363,849
4179,390,685
4180,894,435
4181,375,505
4182,37,476
4183,312,596
4184,244,495
4185,164,686
4186,547,813
4187,800,186
4188,479,106
4189,512,189
4190,150,795
4191,786,881
4192,816,581
4193,121,53
4194,617,970
4195,845,525
4196,42,555
4197,893,60
4198,621,558
4199,24,244
4200,814,410
4201,301,707
4202,910,3
4203,90,322
4204,988,661
4205,795,850
4206,498,329
4207,507,186
4208,731,258
4209,428,827
4210,813,860
4211,135,413
4212,957,212
4213,790,425
4214,298,814
4215,379,613
4216,411,945
4217,387,479
4218,436,112
4219,509,148
4220,39,15
4221,41,242
4222,727,206
4223,97,870
4224,339,350
4225,527,676
4226,179,210
4227,927,521
4228,419,651
4229,0,17
4230,868,400
4231,169,827
4232,685,748
4233,921,962
4234,172,114
4235,285,610
4236,481,241
4237,539,666
4238,996,235
4239,604,633
4240,545,819
4241,462,645
4242,907,506
4243,922,255
4244,31,257
4245,876,48
4246,43,943
4247,727,462
4248,421,281
4249,800,666
4250,282,55
4251,172,550
4252,441,588
4253,174,107
4254,147,303
4255,305,558
4256,580,736
4257,304,582
4258,19,144
4259,787,480
4260,118,356
4261,605,195
4262,526,985
4263,912,846
4264,106,283
4265,109,434
4266,526,666
4267,313,11
4268,938,553
4269,445,371
4270,454,732
4271,296,121
4272,308,670
4273,423,227
4274,968,363
4275,66,576
4276,343,892
4277,57,801
4278,923,432
4279,909,816
4280,959,639
4281,55,305
4282,42,185
4283,88,201
4284,758,497
4285,110,147
4286,212,584
4287,810,606
4288,803,211
4289,565,804
4290,37,197
4291,550,175
4292,647,740
4293,913,522
4294,393,176
4295,337,315
4296,938,458
4297,828,94
4298,205,373
4299,681,41
4300,978,942
4301,536,151
4302,239,370
4303,577,402
4304,199,573
4305,599,944
4306,32,256
4307,341,125
4308,488,698
4309,878,207
4310,119,29
4311,220,862
4312,493,582
4313,475,619
4314,190,288
4315,541,857
4316,56,57
4317,859,689
4318,31,352
4319,268,741
4320,172,581
4321,29,689
4322,711,207
4323,46,282
4324,577,428
4325,898,545
4326,662,279
4327,314,638
4328,384,140
4329,728,12
4330,680,905
4331,15,92
4332,149,780
4333,162,9
4334,847,71
4335,534,467
4336,759,799
4337,39,530
4338,908,506
4339,695,567
4340,703,774
4341,705,296
4342,709,508
4343,381,847
4344,715,297
4345,562,140
4346,945,509
4347,950,843
4348,808,856
4349,534,309
4350,393,410
4351,404,30
4352,314,113
4353,116,56
4354,249,239
4355,351,58
4356,712,5
4357,934,260
4358,144,344
4359,780,862
4360,118,712
4361,3,26
4362,67,749
4363,603,316
4364,941,453
4365,859,549
4366,209,220
4367,917,647
4368,596,479
4369,942,171
4370,614,15
4371,660,336
4372,6,978
4373,371,437
4374,926,654
4375,903,958
4376,121,918
4377,238,831
4378,413,221
4379,801,896
4380,575,588
4381,237,231
4382,408,122
4383,206,910
4384,910,952
4385,129,10
4386,340,682
4387,886,407
4388,87,650
4389,547,800
4390,97,718
4391,877,541
4392,995,916
4393,797,709
4394,613,283
4395,372,205
4396,955,773
4397,182,257
4398,479,773
4399,201,395
4400,816,363
4401,825,917
4402,820,449
4403,395,236
4404,187,203
4405,788,717
4406,358,366
4407,926,975
4408,603,35
4409,53,642
4410,181,250
4411,119,42
4412,897,923
4413,690,930
4414,170,513
4415,764,533
4416,605,718
4417,83,151
4418,501,512
4419,100,521
4420,4,259
4421,761,829
4422,610,81
4423,689,745
4424,130,891
4425,443,29
4426,467,994
4427,306,671
4428,29,484
4429,454,886
4430,618,537
4431,856,519
4432,990,3
4433,439,515
4434,699,963
4435,448,914
4436,129,622
4437,140,145
4438,501,581
4439,394,831
4440,547,198
4441,668,57
4442,77,198
4443,832,299
4444,210,55
4445,443,802
4446,844,587
4447,873,681
4448,715,650
4449,962,552
4450,897,497
4451,910,72
4452,93,176
4453,234,442
4454,615,216
4455,602,704
4456,769,373
4457,949,118
4458,10,749
4459,215,408
4460,583,761
4461,880,36
4462,356,329
4463,489,774
4464,755,612
4465,279,930
4466,470,511
4467,375,208
4468,878,862
4469,944,787
4470,651,4
4471,468,915
4472,888,749
4473,555,431
4474,400,57
4475,493,606
4476,171,53
4477,962,401
4478,380,937
4479,191,112
4480,374,790
4481,727,617
4482,457,654
4483,33,45
4484,592,710
4485,207,436
4486,236,346
4487,934,454
4488,899,975
4489,249,589
4490,101,178
4491,11,50
4492,459,245
4493,398,20
4494,299,273
4495,851,524
4496,761,941
4497,206,422
4498,444,381
4499,229,46
4500,942,379
4501,181,4
4502,880,8
4503,849,187
4504,759,459
4505,43,990
4506,139,358
4507,600,14
4508,230,668
4509,744,313
4510,269,308
4511,621,86
4512,978,528
4513,861,252
4514,505,855
4515,81,422
4516,640,467
4517,52,658
4518,716,654
4519,662,787
4520,271,997
4521,905,29
4522,630,966
4523,879,632
4524,600,350
4525,507,948
4526,600,269
4527,207,753
4528,476,964
4529,579,61
4530,686,708
4531,374,973
4532,983,741
4533,323,714
4534,526,318
4535,423,398
4536,366,961
4537,213,244
4538,819,233
4539,287,739
4540,761,587
4541,586,246
4542,659,3
4543,691,526
4544,662,351
4545,1,587
4546,825,300
4547,772,91
4548,415,478
4549,480,977
4550,358,152
4551,459,342
4552,788,489
4553,666,210
4554,328,593
4555,34,501
4556,254,475
4557,449,50
4558,823,537
4559,782,559
4560,220,797
4561,535,473
4562,337,850
4563,998,0
4564,608,349
4565,499,19
4566,913,293
4567,431,472
4568,517,695
4569,203,539
4570,583,975
4571,117,304
4572,24,588
4573,1,694
4574,457,235
4575,411,158
4576,635,907
4577,633,331
4578,381,798
4579,873,885
4580,673,596
4581,504,925
4582,843,112
4583,847,667
4584,313,813
4585,226,432
4586,15,868
4587,58,78
4588,520,69
4589,365,348
4590,722,691
4591,51,243
4592,874,432
4593,197,768
4594,152,981
4595,627,780
4596,380,912
4597,18,97
4598,257,646
4599,914,531
4600,316,75
4601,883,883
4602,72,171
4603,584,381
4604,150,997
4605,962,72
4606,873,677
4607,256,398
4608,470,6
4609,167,664
4610,903,612
4611,930,636
4612,920,506
4613,621,154
4614,285,930
4615,852,741
4616,131,832
4617,798,776
4618,141,330
4619,199,759
4620,870,930
4621,302,913
4622,106,820
4623,925,818
4624,762,915
4625,617,640
4626,636,939
4627,543,685
4628,446,180
4629,315,312
4630,30,790
4631,911,725
4632,81,979
4633,602,924
4634,481,157
4635,8,832
4636,573,504
4637,88,15
4638,567,529
4639,401,995
4640,708,96
4641,796,188
4642,516,172
4643,418,827
4644,498,858
4645,853,976
4646,452,622
4647,780,342
4648,231,938
4649,391,423
4650,360,307
4651,676,199
4652,896,587
4653,839,713
4654,805,74
4655,13,82
4656,508,977
4657,121,24
4658,570,868
4659,534,1
4660,272,899
4661,298,957
4662,590,283
4663,167,522
4664,678,779
4665,956,653
4666,676,149
4667,951,752
4668,930,757
4669,777,537
4670,345,547
4671,200,810
4672,350,515
4673,634,856
4674,563,460
4675,611,908
4676,696,824
4677,119,542
4678,265,309
4679,567,717
4680,929,466
4681,309,142
4682,97,878
4683,319,262
4684,720,423
4685,94,613
4686,223,614
4687,65,498
4688,8,740
4689,738,567
4690,78,938
4691,356,35
4692,242,838
4693,746,564
4694,886,9
4695,538,380
4696,487,570
4697,143,550
4698,412,335
4699,355,470
4700,210,378
4701,923,852
4702,694,144
4703,55,791
4704,19,244
4705,595,6
4706,234,270
4707,324,140
4708,408,688
4709,593,775
4710,758,538
4711,133,961
4712,164,701
4713,490,720
4714,973,849
4715,865,484
4716,275,1000
4717,306,840
4718,207,822
4719,723,577
4720,449,547
4721,85,504
4722,345,393
4723,263,894
4724,558,138
4725,268,23
4726,307,333
4727,944,43
4728,654,351
4729,223,712
4730,340,728
4731,741,295
4732,576,804
4733,553,558
4734,77,703
4735,133,456
4736,906,606
4737,291,930
4738,314,31
4739,51,314
4740,597,651
4741,853,110
4742,641,905
4743,937,699
4744,888,34
4745,166,760
4746,442,589
4747,877,45
4748,964,670
4749,220,852
4750,55,857
4751,736,584
4752,429,455
4753,344,385
4754,99,836
4755,317,234
4756,301,399
4757,246,363
4758,464,869
4759,582,143
4760,756,54
4761,710,905
4762,596,271
4763,683,35
4764,494,605
4765,383,11
4766,321,792
4767,75,710
4768,155,572
4769,968,698
4770,207,990
4771,829,521
4772,123,145
4773,671,302
4774,311,706
4775,1000,445
4776,286,252
4777,448,507
4778,458,739
4779,282,890
4780,518,501
4781,162,902
4782,857,626
4783,291,524
4784,306,704
4785,785,996
4786,356,620
4787,392,850
4788,675,735
4789,998,341
4790,661,884
4791,649,520
4792,609,278
4793,554,64
4794,916,215
4795,223,999
4796,680,242
4797,739,414
4798,965,68
4799,962,462
4800,437,541
4801,266,991
4802,513,65
4803,130,335
4804,414,673
4805,907,494
4806,196,651
4807,157,9
4808,979,912
4809,214,829
4810,517,63
4811,164,378
4812,606,298
4813,542,187
4814,117,229
4815,998,181
4816,384,953
4817,933,804
4818,885,490
4819,532,66
4820,214,630
4821,164,422
4822,405,641
4823,11,327
4824,172,155
4825,6,701
4826,361,650
4827,654,637
4828,850,550
4829,461,489
4830,897,30
4831,519,984
4832,32,46
4833,696,989
4834,59,654
4835,815,461
4836,275,188
4837,571,351
4838,565,630
4839,177,837
4840,87,904
4841,729,99
4842,802,993
4843,489,312
4844,963,104
4845,150,134
4846,784,474
4847,308,27
4848,223,291
4849,663,167
4850,510,733
4851,392,445
4852,651,106
4853,659,762
4854,182,108
4855,155,52
4856,143,803
4857,203,851
4858,890,442
4859,419,100
4860,755,788
4861,746,671
4862,109,477
4863,400,143
4864,884,112
4865,703,883
4866,384,382
4867,491,237
4868,31,919
4869,385,307
4870,425,988
4871,707,457
4872,198,280
4873,23,486
4874,27,510
4875,196,389
4876,287,438
4877,492,336
4878,484,936
4879,535,680
4880,307,952
4881,609,797
4882,714,893
4883,990,362
4884,172,529
4885,30,610
4886,578,28
4887,312,68
4888,507,165
4889,150,333
4890,405,632
4891,170,474
4892,492,780
4893,865,627
4894,213,932
4895,906,380
4896,595,546
4897,375,627
4898,615,366
4899,498,589
4900,958,491
4901,379,888
4902,35,763
4903,2,578
4904,479,22
4905,287,2
4906,579,759
4907,204,561
4908,227,63
4909,330,212
4910,269,364
4911,996,346
4912,58,487
4913,975,783
4914,546,995
4915,30,396
4916,341,401
4917,627,189
4918,981,475
4919,829,622
4920,985,715
4921,259,363
4922,834,81
4923,256,739
4924,550,698
4925,634,247
4926,406,391
4927,249,887
4928,509,450
4929,159,726
4930,869,816
4931,567,10
4932,474,972
4933,824,121
4934,912,331
4935,285,788
4936,192,212
4937,410,992
4938,216,694
4939,16,829
4940,231,56
4941,349,155
4942,482,942
4943,628,651
4944,199,113
4945,220,191
4946,147,511
4947,394,605
4948,316,222
4949,170,806
4950,210,577
4951,906,859
4952,644,433
4953,143,635
4954,131,155
4955,17,16
4956,694,803
4957,379,11
4958,165,671
4959,217,482
4960,215,496
4961,854,369
4962,279,412
4963,320,741
4964,914,705
4965,890,228
4966,798,449
4967,47,560
4968,746,961
4969,284,82
4970,794,36
4971,80,385
4972,752,781
4973,297,175
4974,379,811
4975,114,950
4976,996,471
4977,919,807
4978,586,627
4979,743,872
4980,958,898
4981,525,876
4982,484,767
4983,458,307
4984,75,117
4985,112,467
4986,760,207
4987,627,924
4988,918,999
4989,312,110
4990,511,330
4991,997,960
4992,807,376
4993,497,844
4994,125,283
4995,272,479
4996,480,516
4997,170,387
4998,588,449
4999,344,682
